date,open,high,low,close,volume,adj_close,price_change,price_change_abs,volume_change,volume_ma_5,unusual_volume,ma_5,price_to_ma5,ma_10,price_to_ma10,ma_20,price_to_ma20,rsi,bb_middle,bb_upper,bb_lower,bb_position,macd,macd_signal,macd_histogram,volatility_20,volatility_5,price_spike,sentiment_score,article_count,sentiment_positive,sentiment_negative,sentiment_neutral,sentiment_abs,high_news_volume,low_news_volume,sentiment_ma_3,news_count_ma_3,sentiment_ma_7,news_count_ma_7,sentiment_change,news_count_change,sentiment_volatility,high_impact_news,next_day_return,target
2025-02-03,592.6699829101562,600.2899780273438,590.489990234375,597.77001953125,65857200,594.220458984375,-0.006729566554251942,0.006729566554251942,-0.01066145486720882,50663220.0,0,602.1920043945313,0.992656852248101,603.7539978027344,0.9900887144544598,596.452001953125,1.0022097630216833,63.7925257122652,596.452001953125,614.302222125504,578.6017817807459,0.5369188045132487,1.9973346480207965,2.165041161955482,-0.1677065139346854,0.008932293216146645,0.006982399723370816,0,0.196,9,1,0,0,0.196,1,0,0.03,5.666666666666667,-0.04757142857142856,7.714285714285714,0.353,1.25,0.16631882749993285,0,0.006708281838506247,1
2025-02-04,597.8300170898438,602.2999877929688,597.280029296875,601.780029296875,33457800,598.2066650390625,0.006708281838506247,0.006708281838506247,-0.491964432134983,48468120.0,0,601.6440063476563,1.0002260854388703,603.627001953125,0.9969402086880244,596.9435028076172,1.008102151152513,65.64947950949559,596.9435028076172,614.8131048287145,579.0739007865199,0.6353283213455931,1.8960028828543045,2.110833524368282,-0.21483064151397757,0.008633579263243242,0.006394076431805012,0,0.142,9,1,0,0,0.142,1,0,0.06033333333333333,7.333333333333333,-0.043285714285714275,7.714285714285714,-0.05400000000000002,0.0,0.17142414676829554,0,0.004054540342757651,1
2025-02-05,600.6400146484375,604.3699951171875,598.5800170898438,604.219970703125,30653100,600.6321411132812,0.004054540342757651,0.004054540342757651,-0.08382798629915889,47163260.0,0,602.1260009765625,1.0034776271464219,603.4049987792969,1.001350621763951,597.3865020751953,1.0114389404584665,60.5069376552788,597.3865020751953,615.5280345546696,579.2449695957209,0.6883376896538714,1.9607025625099368,2.0806290361682276,-0.11992647365829079,0.00859092692393925,0.006335007756901452,0,-0.016,8,0,0,1,0.016,0,0,0.10733333333333332,8.666666666666666,-0.010857142857142853,7.571428571428571,-0.15799999999999997,-0.11111111111111116,0.14709116059032765,0,0.003475616038725038,1
2025-02-06,605.989990234375,606.4500122070312,602.6300048828125,606.3200073242188,35771500,602.7197265625,0.003475616038725038,0.003475616038725038,0.16697821753754116,46461300.0,0,602.3820068359375,1.006537380671388,603.0619995117188,1.0054024425600316,598.2710021972656,1.0134537777986758,63.24909962067837,598.2710021972656,616.3397694751634,580.2022349193678,0.7227325473608515,2.1321817888875785,2.0909885079343464,0.04119328095323205,0.008120070806019567,0.006045112216187789,0,0.212,8,1,0,0,0.212,0,0,0.11266666666666665,8.333333333333334,0.03585714285714286,7.571428571428571,0.22799999999999998,0.0,0.15987435542891035,0,-0.009153562023232031,0
2025-02-07,606.8900146484375,608.1300048828125,600.0499877929688,600.77001953125,50788500,597.2026977539062,-0.009153562023232031,0.009153562023232031,0.41980347483331704,43305620.0,0,602.1720092773437,0.9976717786205702,602.3420043945313,0.997390212119008,598.8350036621093,1.003231300537389,52.899477744504225,598.8350036621093,616.4481484572221,581.2218588669965,0.554931015774014,1.8547042414245425,2.043552446258195,-0.1888482048336524,0.008463274865914383,0.00710728520448173,0,-0.135,7,0,1,0,0.135,0,0,0.02033333333333333,7.666666666666667,0.041857142857142864,7.0,-0.347,-0.125,0.15110198385133652,0,0.0067912111491030824,1
2025-02-10,604.030029296875,605.5,602.739990234375,604.8499755859375,26048700,601.2584228515625,0.0067912111491030824,0.0067912111491030824,-0.4871142089252488,35343920.0,0,603.5880004882813,1.0020907889100434,602.8900024414063,1.0032509630887796,600.0530029296875,1.0079942482294553,51.67846886030764,600.0530029296875,615.5688932953666,584.5371125640085,0.6545825777056538,1.9034466501753968,2.0154463415524666,-0.11199969137706978,0.007630541138688897,0.006618538470086949,0,-0.152,8,0,1,0,0.152,0,0,-0.18433333333333335,4.666666666666667,-0.049999999999999996,6.571428571428571,0.12900000000000003,1.0,0.1744295464268216,0,0.000760555495121995,1
2025-02-11,602.5499877929688,605.8599853515625,602.4299926757812,605.3099975585938,30056700,601.7156982421875,0.000760555495121995,0.000760555495121995,0.15386564396687752,34663700.0,0,604.293994140625,1.001681306496209,602.9690002441406,1.0038824505298038,601.2490020751953,1.0067542656526365,48.885375627329914,601.2490020751953,614.1799859801229,588.3180181702678,0.6570257728745187,1.9517890573781642,2.0026840273352557,-0.05089496995709153,0.007635496876029495,0.006163943596646858,0,0.085,11,0,0,1,0.085,1,0,-0.116,7.666666666666667,-0.05814285714285715,6.857142857142857,0.237,0.375,0.16505093009071342,0,-0.0032215099947072723,0
2025-02-12,599.2000122070312,604.5499877929688,598.510009765625,603.3599853515625,45076100,599.7772827148438,-0.0032215099947072723,0.0032215099947072723,0.49970222945300047,37548300.0,0,604.1219970703125,0.9987386459648127,603.1239990234375,1.0003912733177707,602.3075012207031,1.0017474199287346,43.52319041055551,602.3075012207031,611.632639990283,592.9823624511232,0.5564326256619778,1.8272991927840394,1.9675390802105994,-0.14023988742656002,0.007725395720681338,0.006176193638316626,0,0.005,8,0,0,1,0.005,0,0,-0.020666666666666663,9.0,-0.055142857142857146,6.857142857142857,-0.08,-0.2727272727272727,0.16613190399140548,0,0.010557536581541571,1
2025-02-13,604.47998046875,609.9400024414062,603.2000122070312,609.72998046875,40921300,606.1094970703125,0.010557536581541571,0.010557536581541571,-0.0921730140806325,38578260.0,0,604.8039916992187,1.0081447689452108,603.5929992675781,1.0101674161373952,603.1549987792969,1.0109009818417487,51.632058898105555,603.1549987792969,611.8969959831585,594.4130015754353,0.8760571832800832,2.168108904800647,2.0077152146854718,0.16039369011517524,0.007031297973907639,0.007838209538115853,0,-0.076,8,0,0,1,0.076,0,0,0.004666666666666666,9.0,-0.09628571428571428,6.857142857142857,-0.081,0.0,0.11748718268491307,0,-4.9150054415414424e-05,0
2025-02-14,609.9400024414062,610.989990234375,609.0700073242188,609.7000122070312,26910400,606.0796508789062,-4.9150054415414424e-05,4.9150054415414424e-05,-0.34238648332286614,33802640.0,0,606.589990234375,1.0051270578524625,604.3809997558594,1.0088007605356892,604.0579986572266,1.0093401851516683,61.389235450792924,604.0579986572266,611.4127838868792,596.7032134275739,0.8835607277189764,2.4068256721852777,2.087636243627141,0.3191894285581367,0.006996604076481965,0.005579069104979485,0,0.406,7,1,0,0,0.406,0,0,0.11166666666666668,7.666666666666667,-0.018999999999999986,6.857142857142857,0.48200000000000004,-0.125,0.22052966542697466,0,0.0029358340027980656,1
2025-02-18,610.8800048828125,611.489990234375,608.3800048828125,611.489990234375,26749000,607.8590087890625,0.0029358340027980656,0.0029358340027980656,-0.005997681193887883,33942700.0,0,607.9179931640625,1.0058757877057087,605.7529968261719,1.0094708461010709,604.7534973144532,1.0111392376395287,58.29958631436038,604.7534973144532,612.1595687696763,597.34742585923,0.9547952960385578,2.696298870170722,2.209489446502861,0.48680942366786084,0.0067164409106103004,0.005169943434384526,0,-0.288,6,0,1,0,0.288,0,0,-0.028666666666666656,6.333333333333333,0.04000000000000003,6.571428571428571,-0.45399999999999996,-0.4,0.21299217513013644,0,0.0023549076262954216,1
2025-02-19,610.0800170898438,613.22998046875,609.5599975585938,612.9299926757812,31011100,609.2904663085938,0.0023549076262954216,0.0023549076262954216,0.1593367976372948,34133580.0,0,609.4419921875,1.0057232690444609,606.8679931640625,1.0099889919718998,605.2474975585938,1.01269314643708,63.654268729558694,605.2474975585938,613.4503135741518,597.0446815430357,0.9682840077490674,2.997284994641973,2.3671734862979914,0.6301115083439814,0.006458340152030685,0.005108021548051777,0,0.197,8,1,0,0,0.197,0,0,0.025000000000000012,8.0,0.06742857142857146,6.571428571428571,0.485,0.33333333333333326,0.2199817091963612,0,-0.00416032470826988,0
2025-02-20,611.5399780273438,611.6799926757812,607.02001953125,610.3800048828125,36554000,606.755615234375,-0.00416032470826988,0.00416032470826988,0.1787392256321123,32429160.0,0,610.84599609375,0.9992371379792657,607.4839965820313,1.0047672174363036,605.4444976806641,1.0081518739059572,56.66838919350684,605.4444976806641,613.9515076427937,596.9374877185345,0.7900847197851931,3.009085207556609,2.4956372541359184,0.5134479534206906,0.006446978991937987,0.005381557817143815,0,-0.105,8,0,1,0,0.105,0,0,-0.06533333333333331,7.333333333333333,0.0632857142857143,6.571428571428571,-0.302,0.0,0.22337988143199353,0,-0.017104102948802602,0
2025-02-21,610.1599731445312,610.2999877929688,599.469970703125,599.9400024414062,76519800,596.3776245117188,-0.017104102948802602,0.017104102948802602,1.093335886633474,39548860.0,1,608.8880004882812,0.9853043613280285,606.84599609375,0.9886198579263974,604.9539978027344,0.9917117741521841,48.01099306992326,604.9539978027344,613.5465784807886,596.3614171246802,0.20823693432788434,2.2062089526649515,2.437722227434381,-0.2315132747694295,0.007407393346138354,0.008256505179024622,1,0.001,7,0,0,1,0.001,0,0,0.031000000000000003,7.666666666666667,0.0054285714285714475,6.571428571428571,0.106,-0.125,0.16451226615145076,0,-0.004550422471648163,0
2025-02-24,602.02001953125,603.030029296875,596.489990234375,597.2100219726562,50737200,593.663818359375,-0.004550422471648163,0.004550422471648163,-0.33694024291751934,44314220.0,0,606.3900024414063,0.9848612601926314,606.4899963378906,0.9846988830462683,604.4160003662109,0.9880777835312291,49.3905104300771,604.4160003662109,613.5441909075356,595.2878098248863,0.10528987859465926,1.3485703051628661,2.2198034446198105,-0.8712331394569444,0.007441038253480587,0.008069725666208172,0,-0.098,9,0,0,1,0.098,1,0,-0.09866666666666667,4.666666666666667,-0.07014285714285713,6.142857142857143,0.406,2.0,0.27555848052723086,0,-0.004973177992678157,0
2025-02-25,597.1500244140625,597.8900146484375,589.5599975585938,594.239990234375,58266500,590.71142578125,-0.004973177992678157,0.004973177992678157,0.14839801959903198,50617720.0,0,602.9400024414062,0.9855706833651716,605.4289978027343,0.9815188773432273,604.1595001220703,0.983581306119177,41.603501712794305,604.1595001220703,614.1337988087121,594.1852014354286,0.00274649880997768,0.4388330391900581,1.8634937344220521,-1.424660695231994,0.006837716087091898,0.007056107373924178,0,-0.177,11,0,1,0,0.177,1,0,-0.25966666666666666,7.666666666666667,-0.05428571428571427,6.857142857142857,-0.07899999999999999,0.22222222222222232,0.26387857958141436,0,0.0005048259926943022,1
2025-02-26,595.9299926757812,599.5800170898438,591.8599853515625,594.5399780273438,43321600,591.0096435546875,0.0005048259926943022,0.0005048259926943022,-0.256492152437507,53079820.0,0,599.2619995117187,0.9921202721210046,604.3519958496094,0.9837643990759529,603.660498046875,0.9848913088581407,38.68100528277325,603.660498046875,614.5183032195284,592.8026928742215,0.08000167278271708,-0.2553078531417441,1.4396233738722177,-1.6949312270139618,0.006508689360857598,0.006560066052032615,0,-0.076,11,0,0,1,0.076,1,0,-0.11699999999999999,10.333333333333334,-0.09328571428571429,7.285714285714286,0.10099999999999999,0.0,0.23960781448422092,0,-0.01596190430433686,0
2025-02-27,596.8499755859375,598.02001953125,584.6500244140625,585.0499877929688,74196700,581.5759887695312,-0.01596190430433686,0.01596190430433686,0.7126952836460334,60608360.0,0,594.19599609375,0.984607758448547,602.52099609375,0.9710034863281962,602.8224975585938,0.9705178392684365,28.793558374794316,602.8224975585938,616.5020522299471,589.1429428872405,-0.14960118193185223,-1.5152501940398224,0.8485258941463271,-2.3637760881861496,0.007306657163266304,0.007726588015417162,1,-0.028,8,0,0,1,0.028,0,0,-0.09366666666666666,10.0,-0.08228571428571427,7.285714285714286,0.048,-0.2727272727272727,0.24074517252738042,0,0.015605512474676564,1
2025-02-28,585.5599975585938,594.719970703125,582.4400024414062,594.1799926757812,88744100,590.6517944335938,0.015605512474676564,0.015605512474676564,0.19606532365994722,63053220.0,0,593.043994140625,1.001915538385651,600.9659973144531,0.9887081720613202,602.2794982910157,0.9865519154508546,43.867451389338534,602.2794982910157,616.4420674376629,588.1169291443684,0.214052389387562,-1.7888683042085631,0.32095939745571916,-2.1098277016642824,0.008118265299452719,0.011472024159699922,0,0.122,6,1,0,0,0.122,0,0,0.00600000000000001,8.333333333333334,-0.06499999999999999,7.142857142857143,0.15,-0.25,0.25181143738917033,0,-0.017519898469909534,0
2025-03-03,596.1799926757812,597.3400268554688,579.9000244140625,583.77001953125,74249200,580.3036499023438,-0.017519898469909534,0.017519898469909534,-0.16333367514009378,67755620.0,0,590.3559936523437,0.988844063256903,598.372998046875,0.9755955255947545,601.3769989013672,0.9707222268189792,32.45090048799722,601.3769989013672,617.785256142305,584.9687416604294,-0.0365280148762118,-2.777724530521027,-0.29885977623942994,-2.4788647542815974,0.008891405492181226,0.013512882665671206,0,0.243,11,1,0,0,0.243,1,0,0.2826666666666667,5.0,0.09842857142857145,7.285714285714286,-0.15800000000000003,4.5,0.20265805119532207,0,-0.011836911709231068,0
2025-03-04,579.7100219726562,585.3900146484375,572.25,576.8599853515625,109648200,573.4346313476562,-0.011836911709231068,0.011836911709231068,0.47675934555523836,78031960.0,0,586.8799926757813,0.982926650338625,594.9099975585938,0.9696592555494018,600.3314971923828,0.9609024148314866,28.612213097378273,600.3314971923828,620.0402127571316,580.622781627634,-0.09546021057814906,-4.049498443762218,-1.049067285489903,-3.000431158272315,0.009120393462801718,0.013919435451998486,0,-0.135,7,0,1,0,0.135,0,0,0.16966666666666672,6.666666666666667,0.10442857142857144,6.714285714285714,-0.378,-0.36363636363636365,0.19356209782466655,0,0.010747863198125485,1
2025-03-05,576.6900024414062,584.8800048828125,573.0800170898438,583.0599975585938,71230500,579.5978393554688,0.010747863198125485,0.010747863198125485,-0.3503723727338889,83613740.0,0,584.5839965820312,0.9973930195962462,591.922998046875,0.9850267678101275,599.3954956054688,0.9727467120346408,35.65573593736387,599.3954956054688,620.5403267702359,578.2506644407017,0.1137236112318945,-4.522123718634248,-1.7437376681392813,-2.7783860504949667,0.009358925091051429,0.01572381536007595,0,-0.249,6,0,1,0,0.249,0,0,-0.046999999999999986,8.0,0.07971428571428574,6.0,-0.11399999999999999,-0.1428571428571429,0.22835623798918103,0,-0.017751133038238276,0
2025-03-06,575.47998046875,580.1699829101562,570.1199951171875,572.7100219726562,80094900,569.309326171875,-0.017751133038238276,0.017751133038238276,0.12444669067323688,84793380.0,0,582.1160034179687,0.9838417404948773,588.1559997558594,0.9737382976801823,597.8199981689453,0.9579974302077581,25.23414934109897,597.8199981689453,621.9378603124651,573.7021360254255,-0.020568034738431586,-5.638104613459291,-2.522664068187096,-3.1154405452721945,0.009926182627172524,0.016086175846668237,0,-0.135,8,0,1,0,0.135,0,0,-0.17299999999999996,7.0,0.06442857142857143,6.0,0.11399999999999999,0.33333333333333326,0.24004989560704343,0,0.005604862520902865,1
2025-03-07,570.9000244140625,577.3900146484375,565.6300048828125,575.9199829101562,81158800,572.500244140625,0.005604862520902865,0.005604862520902865,0.013282993049495095,83276320.0,0,578.4640014648437,0.995602114309196,585.7539978027344,0.9832113567650119,596.2999969482422,0.9658225488137058,28.323881438776795,596.2999969482422,621.945724987912,570.6542689085725,0.10266259537336156,-6.19926548759031,-3.2580243888918137,-2.9412410986984963,0.010006181343226837,0.013415629056057874,0,-0.232,7,0,1,0,0.232,0,0,-0.20533333333333334,7.0,0.013857142857142873,6.142857142857143,-0.097,-0.125,0.26216942904123963,0,-0.02663558528182819,0
2025-03-10,567.5900268554688,569.5399780273438,555.5900268554688,560.5800170898438,99326600,557.2513427734375,-0.02663558528182819,0.02663558528182819,0.22385496089148682,88291800.0,0,573.8260009765625,0.9769163755839294,582.0909973144531,0.9630453308437119,594.2904968261719,0.9432760915472146,22.171190870674337,594.2904968261719,624.3755168304762,564.2054768218676,-0.06025357024035791,-7.755927674283043,-4.1576442299404714,-3.598283444342572,0.011296465893229883,0.015761209117315697,1,-0.076,8,0,0,1,0.076,0,0,-0.042,4.666666666666667,-0.12528571428571428,6.0,-0.296,3.0,0.16806518009958166,0,-0.008312879584754462,0
2025-03-11,559.4000244140625,564.02001953125,552.02001953125,555.9199829101562,88102100,552.6189575195312,-0.008312879584754462,0.008312879584754462,-0.11300598228470515,83982580.0,0,569.6380004882812,0.9759180083379863,578.2589965820313,0.9613684978462657,591.8439971923829,0.9393015482920422,19.896480598169404,591.8439971923829,625.9964466644367,557.691547720329,-0.025936131047092355,-9.24790815401002,-5.175732489952624,-4.072175664057395,0.011082492422545819,0.01562348487136575,0,0.406,7,1,0,0,0.406,0,0,0.18333333333333335,5.666666666666667,-0.04799999999999998,6.0,0.48200000000000004,-0.125,0.261353528131278,0,0.005306541044969082,1
2025-03-12,562.1699829101562,563.1099853515625,553.6900024414062,558.8699951171875,69588200,555.5514526367188,0.005306541044969082,0.005306541044969082,-0.2101414154713679,83654120.0,0,564.8,0.9895006995700912,574.6919982910156,0.9724687254722902,589.5219970703125,0.9480053295628439,22.91511816138346,589.5219970703125,626.0516376066018,552.9923565340232,0.08045026582352113,-10.081021309901644,-6.156817602603822,-3.9242037072978215,0.01123409463083921,0.014177308621134813,0,0.022,9,0,0,1,0.022,1,0,0.11733333333333336,8.0,-0.009285714285714267,6.428571428571429,-0.384,0.2857142857142858,0.2462523869838385,0,-0.01333049237232553,0
2025-03-13,558.489990234375,559.1099853515625,549.6799926757812,551.4199829101562,74079400,548.1456909179688,-0.01333049237232553,0.01333049237232553,0.06453967770397862,82451020.0,0,560.5419921875,0.9837264479655746,571.3289978027344,0.9651531517406854,586.9249969482422,0.9395067270559325,23.659048646556656,586.9249969482422,626.5651013079565,547.2848925885279,0.052157914168243065,-11.1987721561959,-7.165231001692506,-4.033541154503395,0.01142663762787291,0.013569888037706073,0,-0.074,7,0,0,1,0.074,0,0,0.11800000000000001,7.666666666666667,-0.0005714285714285482,6.285714285714286,-0.096,-0.2222222222222222,0.24210662743431685,0,0.020655788693630495,1
2025-03-14,556.1099853515625,563.8300170898438,551.489990234375,562.8099975585938,62660300,559.4680786132812,0.020655788693630495,0.020655788693630495,-0.15414676684746365,78751320.0,0,557.9199951171875,1.0087647019002772,568.1919982910156,0.9905278484234034,584.5789978027344,0.9627612344508371,32.92972356092491,584.5789978027344,624.0898133299198,545.068182275549,0.22451846470794157,-11.056910488468134,-7.943580785271792,-3.1133297031963414,0.012312450897520892,0.018107146441427125,0,0.166,10,1,0,0,0.166,1,0,0.038000000000000006,8.666666666666666,0.056285714285714314,6.714285714285714,0.24,0.4285714285714286,0.22481526808005015,0,0.007711353519474162,1
2025-03-17,562.7899780273438,569.7100219726562,562.3499755859375,567.1500244140625,49008700,563.7823486328125,0.007711353519474162,0.007711353519474162,-0.2178668151923946,68687740.0,0,559.2339965820313,1.0141551262627326,566.5299987792969,1.00109442683724,582.4514984130859,0.973729187682214,36.737508799986614,582.4514984130859,620.8330325088449,544.0699643173269,0.30066620108451875,-10.480026716432121,-8.450877211880401,-2.02914950455172,0.012560758304855986,0.01352910079605861,0,-0.228,9,0,1,0,0.228,1,0,0.08166666666666665,4.666666666666667,0.10928571428571432,6.714285714285714,-0.703,2.0,0.2557216678902503,0,-0.010808436249554187,0
2025-03-18,564.7999877929688,565.02001953125,559.0599975585938,561.02001953125,66041400,557.688720703125,-0.010808436249554187,0.010808436249554187,0.3475444155833556,64275600.0,0,560.25400390625,1.0013672648828196,564.9460021972657,0.9930506939588098,579.9279998779297,0.9673959864833916,34.475754133977674,579.9279998779297,616.8807111679649,542.9752885878944,0.24415976951901736,-10.388450097760142,-8.83839621374116,-1.5500538840189826,0.012564053624758589,0.014059053749941559,0,0.001,7,0,0,1,0.001,0,0,0.08266666666666667,6.333333333333333,0.05142857142857144,6.714285714285714,0.229,-0.2222222222222222,0.22083769088243466,0,0.010890850841058342,1
2025-03-19,562.8300170898438,570.9500122070312,561.6300048828125,567.1300048828125,66556000,563.762451171875,0.010890850841058342,0.010890850841058342,0.007792081936482287,63669160.0,0,561.906005859375,1.0092969268328926,563.3530029296875,1.0067045030974946,577.6380004882812,0.9818086836451441,41.43240582244247,577.6380004882812,611.5292005374667,543.7468004390958,0.3449745717145049,-9.718872628390386,-9.01449310520785,-0.7043795231825367,0.012938649724975066,0.014607740335933215,0,0.42,6,1,0,0,0.42,0,0,0.06433333333333334,7.333333333333333,0.10828571428571429,6.285714285714286,0.419,-0.1428571428571429,0.2597965321077981,0,-0.0028917790177164227,0
2025-03-20,563.3300170898438,570.5700073242188,562.5999755859375,565.489990234375,62958200,562.1322021484375,-0.0028917790177164227,0.0028917790177164227,-0.05405673417873669,61444920.0,0,564.7200073242187,1.001363477298785,562.6309997558594,1.0050814663247425,575.3934997558594,0.9827882839731654,35.225051753196496,575.3934997558594,605.9349072796122,544.8520922321065,0.33786749982327846,-9.212139824816632,-9.054022737992721,-0.15811708682391057,0.012939878394909411,0.012240117346941056,0,-0.229,7,0,1,0,0.229,0,0,0.06400000000000002,6.666666666666667,0.08614285714285716,6.285714285714286,-0.649,0.16666666666666674,0.28345101197645467,0,-0.0026702678945725866,0
2025-03-21,559.280029296875,564.8900146484375,558.030029296875,563.97998046875,83763000,562.317626953125,-0.0026702678945725866,0.0026702678945725866,0.33045417435695423,65665460.0,0,564.95400390625,0.9982759243570887,561.4369995117188,1.00452941462576,573.5954986572266,0.9832364127490779,38.77989294805337,573.5954986572266,602.2266371852024,544.9643601292507,0.33207936039495706,-8.828692760948115,-9.008956479126155,0.18026371817803977,0.012551534051338797,0.008794806705089076,0,-0.044,6,0,0,1,0.044,0,0,0.04900000000000001,6.333333333333333,0.056142857142857154,5.714285714285714,0.185,-0.1428571428571429,0.2847006782402814,0,0.017908502022889516,1
2025-03-24,570.7999877929688,575.1500244140625,570.2000122070312,574.0800170898438,58766800,572.3878784179688,0.017908502022889516,0.017908502022889516,-0.29841576829865213,67617080.0,0,566.3400024414062,1.0136667277873213,562.7869995117187,1.0200662374715888,572.438998413086,1.0028667136259182,48.4788978680458,572.438998413086,598.8352267484942,546.0427700776778,0.5310843400789288,-7.632659415447961,-8.73369577904983,1.1010363636018692,0.013383619474915304,0.011626959265091705,0,-0.028,8,0,0,1,0.028,0,0,-0.060666666666666653,5.0,-0.0048571428571428455,5.857142857142857,-0.079,1.0,0.21448498670958205,0,0.0024038545877420603,1
2025-03-25,575.2999877929688,576.4099731445312,573.6900024414062,575.4600219726562,38355700,573.7637939453125,0.0024038545877420603,0.0024038545877420603,-0.3473236589366785,62079940.0,0,569.2280029296875,1.0109481947671126,564.7410034179687,1.0189804148978259,571.5,1.0069291723056102,45.609998589761666,571.5,595.8907795894107,547.1092204105893,0.5811786674989162,-6.499903868209003,-8.286935725353857,1.7870318571448536,0.013395761536484394,0.00907059104165285,0,0.122,6,1,0,0,0.122,0,0,0.04833333333333333,6.0,0.01242857142857144,5.714285714285714,0.15,-0.25,0.21984453381337254,0,-0.011938266525687413,0
2025-03-26,575.1900024414062,576.3300170898438,567.1900024414062,568.5900268554688,51848300,566.9140625,-0.011938266525687413,0.011938266525687413,0.35177561614049546,59138400.0,0,569.5200073242188,0.9983670802486476,565.7130065917969,1.0050856533792722,570.2025024414063,0.99717210012402,47.52046747537438,570.2025024414063,592.0622490117172,548.3427558710954,0.463117697161971,-6.080059697873821,-7.845559198749338,1.7654995008755163,0.013584446720499755,0.010987792867272184,0,0.084,6,0,0,1,0.084,0,0,0.05933333333333333,6.666666666666667,-0.03557142857142855,5.714285714285714,-0.03799999999999999,0.0,0.13715545577052016,0,-0.0026557092004866334,0
2025-03-27,567.1799926757812,570.9000244140625,564.9400024414062,567.0800170898438,42164200,565.4085083007812,-0.0026557092004866334,0.0026557092004866334,-0.1867775799785143,54979600.0,0,569.8380126953125,0.9951600357574891,567.2790100097657,0.999649215083917,569.30400390625,0.9960934987262579,44.56871956871957,569.30400390625,590.0426612840673,548.5653465284328,0.44638064615539813,-5.800933657235987,-7.4366331112632205,1.6356994540272334,0.013192112230981176,0.010969732137200395,0,-0.016,8,0,0,1,0.016,0,0,0.06333333333333334,6.666666666666667,-0.005142857142857128,5.857142857142857,-0.1,0.33333333333333326,0.10751500448996061,0,-0.020138328985595644,0
2025-03-28,565.530029296875,566.27001953125,555.0700073242188,555.6599731445312,71662700,554.0221557617188,-0.020138328985595644,0.020138328985595644,0.6996100957684481,52559540.0,0,568.1740112304688,0.9779749903399552,566.5640075683593,0.9807540996636422,567.3780029296875,0.9793470495425457,46.82414735388951,567.3780029296875,585.360987487578,549.3950183717969,0.17419118479933843,-6.418036802243591,-7.232913459209971,0.8148766569663799,0.013177415878893532,0.014491663761132836,0,0.212,8,1,0,0,0.212,0,0,0.09333333333333334,7.333333333333333,0.03142857142857144,6.142857142857143,0.22799999999999998,0.0,0.13268742359753782,0,0.0067128130226792315,1
2025-03-31,549.8300170898438,560.7100219726562,546.8699951171875,559.3900146484375,95328200,557.7411499023438,0.0067128130226792315,0.0067128130226792315,0.330234557168513,59871820.0,1,565.2360107421875,0.9896574245401069,565.7880065917968,0.9886918918944577,566.1590026855469,0.9880440158948264,52.26709924705173,566.1590026855469,582.7118351749491,549.6061701961446,0.2955338446926496,-6.533387889896403,-7.093008130942964,0.5596202410465612,0.012908867099512947,0.010894212868110811,0,-0.135,8,0,1,0,0.135,0,0,-0.102,4.666666666666667,0.013714285714285731,6.0,-0.015000000000000013,3.0,0.12977508015243716,0,0.0028244266313557365,1
2025-04-01,557.4500122070312,562.9400024414062,553.6799926757812,560.969970703125,54609600,559.3164672851562,0.0028244266313557365,0.0028244266313557365,-0.4271411817279672,63122600.0,0,562.3380004882813,0.9975672464176911,565.7830017089843,0.9914931502160347,565.364501953125,0.9922270831740965,51.39700054570969,565.364501953125,581.2673163076602,549.4616875985898,0.3618316496681367,-6.424230152931841,-6.959252371356655,0.5350222184248139,0.012739096291522244,0.010968229997914955,0,-0.232,7,0,1,0,0.232,0,0,-0.16233333333333333,5.666666666666667,-0.036857142857142845,6.142857142857143,-0.097,-0.125,0.14820979339147233,0,0.006328411525621025,1
2025-04-02,555.0499877929688,567.4199829101562,554.8099975585938,564.52001953125,76014500,562.8560791015625,0.006328411525621025,0.006328411525621025,0.3919622190970087,67955840.0,0,561.5239990234375,1.0053355164036142,565.5220031738281,0.9982282145752865,564.4375030517579,1.0001461924111101,59.191693211377554,564.4375030517579,577.9840597511776,550.8909463523381,0.5030456625001863,-5.984447525603059,-6.764291210988586,0.7798436853855266,0.012555791759800506,0.011136568292100177,0,0.03,8,0,0,1,0.03,0,0,-0.11233333333333334,7.666666666666667,-0.04457142857142856,6.428571428571429,0.262,0.1428571428571428,0.14215233277820583,0,-0.04928081620084812,0
2025-04-03,545.1099853515625,547.969970703125,536.7000122070312,536.7000122070312,125986000,535.1180419921875,-0.04928081620084812,0.04928081620084812,0.6573943129271389,84720200.0,0,555.447998046875,0.9662470908063988,562.6430053710938,0.9538908456758444,562.6370025634766,0.9539010227939654,35.11236737114362,562.6370025634766,580.4534141659641,544.8205909609891,-0.22789602460756025,-7.77473649899332,-6.966380427156354,-0.8083560718369664,0.01616043687455513,0.02425718364009836,1,-0.028,6,0,0,1,0.028,0,0,-0.07666666666666667,7.0,-0.04628571428571427,6.142857142857143,-0.057999999999999996,-0.25,0.141822323449348,0,-0.058542971330535654,0
2025-04-04,523.6699829101562,525.8699951171875,505.05999755859375,505.2799987792969,217965100,503.7906494140625,-0.058542971330535654,0.058542971330535654,0.7300739764735764,113980680.0,1,545.3720031738281,0.9264868673837064,556.7730072021484,0.9075152571034107,559.1050033569336,0.9037300609823469,23.046121438878913,559.1050033569336,589.4422461614527,528.7677605524145,-0.38711101606140186,-11.578087260473353,-7.888722372783176,-3.689364887690177,0.020199549532948755,0.032625552126684686,1,-0.103,11,0,1,0,0.103,1,0,-0.033666666666666664,8.333333333333334,-0.09128571428571428,6.571428571428571,-0.075,0.8333333333333333,0.08466741656960773,0,-0.0017811785518102585,0
2025-04-07,489.1900024414063,523.1699829101562,481.7999877929688,504.3800048828125,256611400,502.893310546875,-0.0017811785518102585,0.0017811785518102585,0.17730499056959115,146237320.0,1,534.3700012207031,0.9438778444347884,549.8030059814453,0.9173831343145372,556.295002746582,0.9066772169308536,24.146461871749466,556.295002746582,595.2453953627597,517.3446101304042,-0.16642457722245144,-14.49693249248537,-9.210365060410464,-5.286567432074907,0.019640936845528083,0.031180727669169395,0,-0.151,9,0,1,0,0.151,1,0,0.032999999999999995,5.333333333333333,-0.03342857142857141,6.857142857142857,-0.182,1.25,0.14720604283662783,0,-0.0156627816725603,0
2025-04-08,521.8599853515625,524.97998046875,489.1600036621094,496.4800109863281,165816600,495.0166015625,-0.0156627816725603,0.0156627816725603,-0.35382216066784256,168478720.0,0,521.4720092773438,0.9520741327503857,541.9050048828125,0.9161753564053029,553.3230041503906,0.8972697814157519,18.270059184768257,553.3230041503906,600.579124310573,506.06688399020817,-0.1014352529511919,-17.24478838257403,-10.817250370384462,-6.427538012189567,0.019772918745412527,0.028788492997420367,0,0.205,11,1,0,0,0.205,1,0,0.028333333333333332,8.0,0.029000000000000015,7.428571428571429,0.356,0.22222222222222232,0.14151207251208894,0,0.10501930183911301,1
2025-04-09,493.4400024414063,548.6199951171875,493.0499877929688,548.6199951171875,241867300,547.0029296875,0.10501930183911301,0.10501930183911301,0.4586434651295468,201649280.0,0,518.2920043945312,1.0585152587064997,539.9080017089843,1.0161360701834885,552.8105041503907,0.9924196284228652,44.78774621194263,552.8105041503907,600.0356430847387,505.58536521604265,0.45563264473367904,-15.063777575453855,-11.666556084354674,-3.397221491099181,0.031638264468016396,0.06529055733938927,1,-0.264,9,0,1,0,0.264,1,0,-0.07,9.666666666666666,-0.012999999999999987,7.571428571428571,-0.469,-0.18181818181818177,0.17965429765710234,0,-0.04381899719533322,0
2025-04-10,532.1699829101562,533.5,509.3200073242188,524.5800170898438,162331200,523.0337524414062,-0.04381899719533322,0.04381899719533322,-0.32884188974698114,208918320.0,0,515.8680053710938,1.0168880636675324,535.6580017089843,0.9793189225517085,551.468505859375,0.951242022919097,39.31440105728879,551.468505859375,600.3561815468648,502.58083017188517,0.22499726780412357,-15.091529700751607,-12.351550983753159,-2.739978716998449,0.032996293252997445,0.06438401242905963,0,0.15,7,1,0,0,0.15,0,0,0.030333333333333323,9.0,0.01242857142857144,7.714285714285714,0.41400000000000003,-0.2222222222222222,0.18950449171708947,0,0.017842817199724692,1
2025-04-11,523.010009765625,536.4299926757812,520.0700073242188,533.9400024414062,97866300,532.3661499023438,0.017842817199724692,0.017842817199724692,-0.3971195925367397,184898560.0,0,521.6000061035156,1.0236579681623732,533.4860046386718,1.0008510022733248,550.0250061035156,0.9707558683994049,39.06981745634186,550.0250061035156,599.2066632090101,500.84334899802104,0.33647354919734573,-14.197923757390981,-12.720825614436109,-1.4770981429548726,0.032900554909159656,0.056473729255118746,0,-0.228,9,0,1,0,0.228,1,0,-0.114,8.333333333333334,-0.0054285714285714215,7.428571428571429,-0.378,0.2857142857142858,0.20725254895324954,0,0.009701450822369617,1
2025-04-14,544.0499877929688,544.280029296875,533.8599853515625,539.1199951171875,68034000,537.5308837890625,0.009701450822369617,0.009701450822369617,-0.30482709574184375,147183080.0,0,528.5480041503906,1.0200019504071172,531.4590026855469,1.0144150205244964,548.6235046386719,0.9826775385284605,40.30519199267917,548.6235046386719,597.3457831582411,499.90122611910266,0.40247264895803947,-12.924472718874767,-12.761555042025888,-0.16291767684887937,0.03293486890899156,0.05598833727309913,0,-0.243,9,0,1,0,0.243,1,0,0.04666666666666667,5.0,0.00042857142857144086,7.285714285714286,-0.6970000000000001,2.0,0.27580479639463445,0,-0.0028008788011967267,0
2025-04-15,539.6699829101562,543.22998046875,536.8099975585938,537.6099853515625,56892900,536.0253295898438,-0.0028008788011967267,0.0028008788011967267,-0.16375782696886854,125398340.0,0,536.7739990234375,1.0015574270170424,529.1230041503907,1.0160397131377785,547.4530029296875,0.982020342339068,41.491807224714975,547.4530029296875,596.0459622534602,498.8600436059148,0.3987197145934103,-11.899409159112679,-12.589125842744604,0.6897166836319251,0.03287111924212377,0.05452573650740289,0,-0.115,8,0,1,0,0.115,0,0,0.03200000000000001,6.666666666666667,-0.04528571428571427,6.857142857142857,0.128,-0.11111111111111116,0.26244219318147916,0,-0.02222803246337901,0
2025-04-16,531.6799926757812,537.8900146484375,520.2899780273438,525.6599731445312,83484800,524.1105346679688,-0.02222803246337901,0.02222803246337901,0.46740278663945767,93721840.0,0,532.1819946289063,0.9877447535801678,525.2369995117188,1.0008053005275823,545.3795013427734,0.9638425570640426,39.2415504383274,545.3795013427734,593.9762807898528,496.78272189569407,0.29711075072663773,-11.910453570858635,-12.4533913740729,0.5429378032142651,0.033041067296278606,0.024966582642880056,0,-0.177,11,0,1,0,0.177,1,0,-0.17833333333333332,9.333333333333334,-0.03285714285714284,7.142857142857143,-0.061999999999999986,0.375,0.2522191035399108,0,0.001426777837987947,1
2025-04-17,527.6400146484375,531.1699829101562,523.9099731445312,526.4099731445312,79868100,524.8583374023438,0.001426777837987947,0.001426777837987947,-0.0433216585534133,77229220.0,0,532.5479858398437,0.9884742542296303,524.2079956054688,1.0042005798414408,543.4255004882813,0.9686883899845312,41.95677356573438,543.4255004882813,591.7595834173042,495.0914175592584,0.3239800332124145,-11.723673517162297,-12.307447790395056,0.5837742732327591,0.03305786834504812,0.015110776228397646,0,-0.076,11,0,0,1,0.076,1,0,-0.12266666666666666,10.0,-0.06514285714285713,7.714285714285714,0.10099999999999999,0.0,0.2390309802594835,0,-0.023802680232045126,0
2025-04-21,521.1599731445312,521.7000122070312,508.4599914550781,513.8800048828125,69368100,512.3652954101562,-0.023802680232045126,0.023802680232045126,-0.13146675581364775,71529580.0,0,528.535986328125,0.9722706081999613,525.0679962158204,0.9786923000189689,540.9205017089844,0.95001022009567,38.0632578368709,540.9205017089844,589.9571609397027,491.883842478266,0.22428284012022692,-12.440090105140143,-12.333976255132086,-0.1061138500080574,0.033380652891568996,0.014835287869689818,0,-0.094,11,0,0,1,0.094,1,0,-0.0023333333333333353,5.333333333333333,-0.05757142857142855,7.714285714285714,-0.191,2.6666666666666665,0.08780443637777713,0,0.02601773758493775,1
2025-04-22,520.1400146484375,529.2999877929688,519.1900024414062,527.25,75948100,525.6959228515625,0.02601773758493775,0.02601773758493775,0.0948562812013014,73112400.0,0,526.1619873046875,1.0020678283904276,527.3549957275391,0.999800901236568,538.5790008544922,0.9789650156494815,41.67079005285473,538.5790008544922,585.3696834336704,491.78831827531394,0.3789395641394901,-11.796063101809636,-12.22639361866675,0.4303305168571132,0.03370998511261758,0.020346835717884176,0,0.212,8,1,0,0,0.212,0,0,0.07166666666666667,7.333333333333333,-0.010857142857142843,7.714285714285714,0.306,-0.2727272727272727,0.1293270126094168,0,0.015495463082325855,1
2025-04-23,540.4299926757812,545.4299926757812,533.8800048828125,535.4199829101562,90590700,533.841796875,0.015495463082325855,0.015495463082325855,0.19279744983745473,79851960.0,0,525.7239868164063,1.0184431304960335,531.2489929199219,1.0078512901592702,536.5769989013672,0.9978437093025233,42.972360826875764,536.5769989013672,580.030803353109,493.12319444962543,0.48668682747334674,-10.507024483928376,-11.882519776885763,1.3754952929573872,0.033961298766025105,0.022236289180237245,0,-0.135,7,0,1,0,0.135,0,0,-0.005666666666666671,8.666666666666666,-0.0048571428571428455,7.142857142857143,-0.347,-0.125,0.12104328230214288,0,0.02104893334386637,1
2025-04-24,536.719970703125,547.4299926757812,535.4500122070312,546.6900024414062,64150400,545.07861328125,0.02104893334386637,0.02104893334386637,-0.2918655005425502,75985080.0,0,529.9299926757812,1.031626837501683,531.0559936523438,1.0294394733812142,535.4819976806641,1.0209306845221453,52.622183302910265,535.4819976806641,576.5789706890896,494.3850246722386,0.6363604657506567,-8.480537808490908,-11.202123359727175,2.7215855512362666,0.034306900026719406,0.020035632501874623,0,-0.249,6,0,1,0,0.249,0,0,-0.05733333333333334,7.0,-0.029571428571428558,6.428571428571429,-0.11399999999999999,-0.1428571428571429,0.15175512857106055,0,0.00722532365580375,1
2025-04-25,546.6500244140625,551.0499877929688,543.6900024414062,550.6400146484375,61119600,549.0169677734375,0.00722532365580375,0.00722532365580375,-0.047245223724248,72235380.0,0,534.7760009765625,1.0296647823442067,533.6619934082031,1.0318141847273126,534.6599975585938,1.0298881853192925,63.91241439976547,534.6599975585938,573.7021680614075,495.6178270557801,0.7046507261768661,-6.481825534570021,-10.258063768633104,3.776238234063083,0.034359196120362194,0.019722718987894385,0,-0.135,8,0,1,0,0.135,0,0,-0.17300000000000001,7.0,-0.04485714285714285,6.428571428571429,0.11399999999999999,0.33333333333333326,0.15687301506996965,0,0.00038130345037501456,1
2025-04-28,551.3900146484375,553.5499877929688,545.02001953125,550.8499755859375,47613800,549.226318359375,0.00038130345037501456,0.00038130345037501456,-0.22097330479911514,67884520.0,0,542.1699951171875,1.0160097027628279,535.3529907226563,1.0289472275897111,534.4194976806641,1.0307445330430127,64.31343582694174,534.4194976806641,572.9731983796861,495.8657969816421,0.7130856131495853,-4.825321097311303,-9.171515210371679,4.346194113060376,0.03406020703553791,0.010340567283685835,0,-0.009,7,0,0,1,0.009,0,0,-0.11266666666666665,4.333333333333333,-0.09214285714285712,6.0,0.13999999999999999,1.3333333333333335,0.1520114344070085,0,0.006299413437552026,1
2025-04-29,548.9099731445312,555.4500122070312,548.5499877929688,554.3200073242188,47775100,552.6860961914062,0.006299413437552026,0.006299413437552026,0.00338767332160006,62249920.0,0,547.5839965820312,1.0123013287171156,536.8729919433594,1.0324974726661238,534.1659973144531,1.03772986320936,68.31539611504687,534.1659973144531,572.0899115757692,496.242083053137,0.7657163745136345,-3.196250065540312,-7.976462160290646,4.780212094750334,0.03405611132130359,0.008157066826816743,0,-0.074,7,0,0,1,0.074,0,0,-0.07733333333333332,5.666666666666667,-0.13299999999999998,5.857142857142857,-0.065,0.0,0.0761424104337834,0,0.000396829809890642,1
2025-04-30,547.5700073242188,556.52001953125,541.52001953125,554.5399780273438,93101500,552.9054565429688,0.000396829809890642,0.000396829809890642,0.9487452668858882,62752080.0,0,551.4079956054687,1.0056799728093098,538.5659912109375,1.0296602219172615,533.8444976806641,1.038766870196458,52.792973867972066,533.8444976806641,570.910979650374,496.77801571095415,0.7791670432008044,-1.8659922369056403,-6.754368158339619,4.888375921433979,0.03405015810535699,0.008445388797873715,0,0.267,8,1,0,0,0.267,0,0,0.061333333333333344,7.333333333333333,-0.07557142857142854,6.0,0.341,0.1428571428571428,0.16916250288096488,0,0.007086942026725218,1
2025-05-01,560.3699951171875,564.0700073242188,557.8599853515625,558.469970703125,63186100,556.8238525390625,0.007086942026725218,0.007086942026725218,-0.3213202794799225,62559220.0,0,553.7639892578125,1.0084981716698838,541.8469909667969,1.0306783649507187,533.5419952392579,1.0467216745566366,69.7333059443753,533.5419952392579,569.640502375279,497.4434881032368,0.8452770965006556,-0.48954533157495916,-5.501403578818388,5.0118582472434285,0.034058042545827616,0.003567587082486358,0,0.091,8,0,0,1,0.091,0,0,0.09466666666666668,7.666666666666667,-0.026999999999999972,6.285714285714286,-0.17600000000000002,0.0,0.15960889699512387,0,0.014844198430334021,1
2025-05-02,564.72998046875,568.3800048828125,562.3800048828125,566.760009765625,60717300,565.0894165039062,0.014844198430334021,0.014844198430334021,-0.03907188448092225,62478760.0,0,556.98798828125,1.017544402554406,545.8819946289062,1.0382463890403855,535.0449951171875,1.0592754159703732,69.35142219851832,535.0449951171875,574.0807918552384,496.0091983791365,0.9062298876754148,1.2547058510212992,-4.15018168062695,5.404887531648249,0.03213872222359207,0.0059636327879047405,0,-0.074,7,0,0,1,0.074,0,0,0.09466666666666666,7.666666666666667,-0.018285714285714263,6.142857142857143,-0.16499999999999998,-0.125,0.15430674459845067,0,-0.005734349537724115,0
2025-05-05,562.5700073242188,566.6500244140625,561.7000122070312,563.510009765625,38659200,561.8489990234375,-0.005734349537724115,0.005734349537724115,-0.3632918459812936,60687840.0,0,559.5199951171875,1.0071311386246382,550.8449951171875,1.0229919755297825,537.9564956665039,1.047501079185709,64.71582966425139,537.9564956665039,576.3252991157325,499.58769221727533,0.832998579600413,2.3480723001267734,-2.850530875070626,5.1986031751974,0.028793690574633282,0.007721392682558501,0,0.15,7,1,0,0,0.15,0,0,-0.08666666666666671,4.0,-0.007142857142857125,6.0,0.28,1.3333333333333335,0.18617413763412358,0,-0.008358364343191038,0
2025-05-06,557.9299926757812,563.3499755859375,556.9600219726562,558.7999877929688,48264700,557.1528930664062,-0.008358364343191038,0.008358364343191038,0.24846608310570306,60785760.0,0,560.4159912109375,0.9971164216522856,553.9999938964844,1.008664249006077,540.6774948120117,1.0335181196828955,62.30974825038949,540.6774948120117,576.6651471528614,504.68984247116185,0.7517876521829427,2.802694005943863,-1.7198858923217415,4.5225798982656045,0.028922680585393525,0.009485694199594644,0,-0.228,9,0,1,0,0.228,1,0,-0.06933333333333336,6.333333333333333,-0.02914285714285713,6.285714285714286,-0.378,0.2857142857142858,0.2036683812569089,0,0.0042055058561747405,1
2025-05-07,560.1500244140625,563.8200073242188,556.0399780273438,561.1500244140625,55588000,559.4959716796875,0.0042055058561747405,0.0042055058561747405,0.15173201118001356,53283060.0,0,561.7380004882813,0.9989532912608589,556.572998046875,1.0082235868129592,543.9109954833984,1.0316945770058261,73.20520239287724,543.9109954833984,574.3753808494581,513.4466101173388,0.7829374156661969,3.3141621254948177,-0.7130762840952064,4.027238409590024,0.028494899572279197,0.009513083244446685,0,0.001,7,0,0,1,0.001,0,0,-0.02566666666666669,7.666666666666667,-0.06714285714285713,6.142857142857143,0.229,-0.2222222222222222,0.15915655664725092,0,0.0069677857514378605,1
2025-05-08,565.239990234375,570.3099975585938,561.7000122070312,565.0599975585938,65130800,563.3944702148438,0.0069677857514378605,0.0069677857514378605,0.17167014463553287,53672000.0,0,563.056005859375,1.0035591338665506,558.4099975585938,1.0119088125733318,544.7329956054688,1.0373155327786443,74.26850561603118,544.7329956054688,576.5878179684393,512.8781732424983,0.8190569032454255,3.9886521797282057,0.2272694121537828,3.761382767574423,0.01661186359425002,0.009498572348761896,0,0.42,6,1,0,0,0.42,0,0,0.06433333333333331,7.333333333333333,-0.020142857142857136,5.857142857142857,0.419,-0.1428571428571429,0.24111575959237835,0,-0.0012741491279434358,0
2025-05-09,566.47998046875,567.5,562.760009765625,564.3400268554688,37603400,562.6765747070312,-0.0012741491279434358,0.0012741491279434358,-0.4226479637897892,49049220.0,0,562.5720092773438,1.0031427400385526,559.7799987792969,1.0081461075531741,546.72099609375,1.032226731527789,87.20142769332672,546.72099609375,578.241136103114,515.2008560843861,0.7794884597036134,4.414256389048887,1.0646668100150818,3.3495895790338057,0.012767474203951754,0.006463118146052951,0,-0.229,7,0,1,0,0.229,0,0,0.06399999999999997,6.666666666666667,-0.042285714285714274,5.857142857142857,-0.649,0.16666666666666674,0.2536761152110531,0,0.03304738719814848,1
2025-05-12,581.469970703125,583.0,577.0399780273438,582.989990234375,78993600,581.2716064453125,0.03304738719814848,0.03304738719814848,1.100703659775446,57116100.0,0,566.4680053710938,1.0291666690909713,562.9940002441406,1.0355172346091845,549.1734954833985,1.0615770699589393,88.12586104686599,549.1734954833985,583.9691618699622,514.3778290968347,0.9859296898540596,6.1836712426255644,2.088467698965042,4.0952035436605225,0.014040771911708768,0.01573676898746439,1,-0.089,6,0,0,1,0.089,0,0,-0.0676666666666667,4.0,-0.034142857142857135,5.857142857142857,0.11000000000000001,0.5,0.23359967791889097,0,0.006603949785734642,1
2025-05-13,583.4099731445312,589.0800170898438,582.8400268554688,586.8400268554688,67947200,585.1102905273438,0.006603949785734642,0.006603949785734642,-0.13983917684470637,61052600.0,0,572.0760131835938,1.0258077831120964,566.2460021972656,1.036369395242156,551.5594970703125,1.063965048145402,87.38006836502522,551.5594970703125,589.8240664762087,513.2949276644164,0.9610077982442924,7.806314209570132,3.2320370032555683,4.574277206314564,0.01399736345234403,0.01334683224746392,0,-0.028,8,0,0,1,0.028,0,0,-0.10533333333333338,6.0,-0.0055714285714285605,5.714285714285714,0.061,0.33333333333333326,0.21762188702951224,0,0.0012780314322096142,1
2025-05-14,587.8099975585938,588.97998046875,585.5399780273438,587.5900268554688,66283500,585.8580932617188,0.0012780314322096142,0.0012780314322096142,-0.024485188499305366,63191700.0,0,577.364013671875,1.0177115527491212,569.5510070800781,1.031672351643923,554.0584991455078,1.0605198327643646,85.10128523716334,554.0584991455078,594.9268423520056,513.19015593901,0.9102384031147817,9.048407159946464,4.39531103635926,4.653096123587204,0.013917291570718714,0.013718672423311196,0,0.122,6,1,0,0,0.122,0,0,0.0016666666666666403,6.666666666666667,0.011714285714285724,5.571428571428571,0.15,-0.25,0.22297063654639557,0,0.004884349607746863,1
2025-05-15,585.5599975585938,590.969970703125,585.0999755859375,590.4600219726562,71268100,588.7196044921875,0.004884349607746863,0.004884349607746863,0.07520121900623833,64419160.0,0,582.4440185546875,1.0137627019294664,572.7500122070312,1.0309210115899978,557.2985015869141,1.0595040544543262,84.81987795102029,557.2985015869141,598.9542190356701,515.642784138158,0.8980428428166763,10.147184663508142,5.5456857631857845,4.601498900322357,0.012410986183352636,0.013839264840870797,0,0.084,6,0,0,1,0.084,0,0,0.059333333333333314,6.666666666666667,-0.03628571428571427,5.571428571428571,-0.03799999999999999,0.0,0.14183054946627272,0,0.00633402786844095,1
2025-05-16,591.25,594.5,589.280029296875,594.2000122070312,76052100,592.4485473632812,0.00633402786844095,0.00633402786844095,0.06712680708479679,72108900.0,0,588.416015625,1.0098297742217088,575.4940124511719,1.0325042473963992,560.6880035400391,1.0597694412140193,85.7025374168194,560.6880035400391,602.7907353146833,518.5852717653949,0.8979790295599576,11.190521955336635,6.674653002712559,4.515868952624076,0.01236628219551683,0.01282063393068262,0,-0.016,8,0,0,1,0.016,0,0,0.06333333333333331,6.666666666666667,-0.005857142857142843,5.714285714285714,-0.1,0.33333333333333326,0.11364187692253352,0,0.0010938461217664397,1
2025-05-19,588.0999755859375,595.5399780273438,588.0999755859375,594.8499755859375,68168500,593.0966186523438,0.0010938461217664397,0.0010938461217664397,-0.10366051693510103,69943880.0,0,590.7880126953125,1.006875499846541,578.6280090332032,1.0280352252215352,564.7365020751953,1.0533230513701284,85.00604658665702,564.7365020751953,603.3118825432248,526.1611216071658,0.89031985096945,11.932217288935362,7.726165860774216,4.206051428161146,0.010267767449843835,0.002685964210107687,0,-0.185,11,0,1,0,0.185,1,0,-0.06233333333333336,6.0,-0.003571428571428555,6.571428571428571,0.056999999999999995,2.6666666666666665,0.1699410261854166,0,-0.0033621922872737464,0
2025-05-20,593.0900268554688,594.0499877929688,589.5999755859375,592.8499755859375,60614500,591.1025390625,-0.0033621922872737464,0.0033621922872737464,-0.1108136455987736,68477340.0,0,591.9900024414062,1.0014526818712897,582.0330078125,1.0185848012539558,568.0165008544922,1.043719636126921,82.10156572046975,568.0165008544922,604.2561900940817,531.7768116149026,0.8426281413075191,12.217874339345713,8.624507557046972,3.593366782298741,0.009538569061002998,0.0037811482148551213,0,-0.103,9,0,1,0,0.103,1,0,-0.17666666666666667,7.666666666666667,-0.014285714285714268,6.714285714285714,0.082,-0.18181818181818177,0.17405240042940565,0,-0.016850789652983478,0
2025-05-21,588.4400024414062,592.5800170898438,581.8200073242188,582.8599853515625,95197700,581.1419677734375,-0.016850789652983478,0.016850789652983478,0.5705433518382566,74260180.0,0,591.043994140625,0.9861533001431441,584.20400390625,0.9976994020141923,570.3885009765625,1.0218648944599122,68.55318872339635,570.3885009765625,603.7399468387008,537.0370551144241,0.686970670275469,11.505965492247924,9.200799144373764,2.3051663478741595,0.010521693974458967,0.009326606187354444,0,-0.127,9,0,1,0,0.127,1,0,-0.13833333333333334,9.666666666666666,-0.049857142857142836,7.142857142857143,-0.024000000000000007,0.0,0.16685265812629296,0,0.00039467712604679406,1
2025-05-22,582.6599731445312,586.6199951171875,581.4099731445312,583.0900268554688,70860400,581.371337890625,0.00039467712604679406,0.00039467712604679406,-0.2556500839831214,74178640.0,0,589.5699951171875,0.9890089924599524,586.0070068359375,0.9950222779822743,572.2085021972656,1.0190167126430634,64.1581601604462,572.2085021972656,604.0534449773464,540.3635594171848,0.6708516911672643,10.835413701645507,9.527722055958183,1.3076916456873242,0.009779283651792585,0.008746728990241629,0,-0.037,7,0,0,1,0.037,0,0,-0.08900000000000002,8.333333333333334,-0.06714285714285713,7.285714285714286,0.09,-0.2222222222222222,0.15662846545400444,0,-0.006825775301577575,0
2025-05-23,575.97998046875,581.8099975585938,575.5999755859375,579.1099853515625,76029000,577.4030151367188,-0.006825775301577575,0.006825775301577575,0.07294059869828562,74174020.0,0,586.5519897460938,0.9873122851432952,587.4840026855469,0.98574596534424,573.6320007324218,1.0095496496223124,63.35613789759057,573.6320007324218,603.9248891150098,543.3391123498338,0.5904170072849401,9.86922577549251,9.596022799886788,0.27320297560572193,0.009983015454191032,0.00729098819288927,0,-0.054,11,0,0,1,0.054,1,0,-0.0726666666666667,9.0,-0.07257142857142855,7.714285714285714,-0.017,0.5714285714285714,0.1552126038083005,0,0.02079059136787431,1
2025-05-27,586.0700073242188,591.3099975585938,578.4299926757812,591.1500244140625,72588500,589.4075927734375,0.02079059136787431,0.02079059136787431,-0.045252469452445765,75058020.0,0,585.8119995117188,1.0091121808819092,588.3000061035157,1.004844498182863,575.6470031738281,1.0269314721604708,74.60825817306934,575.6470031738281,604.9028130271231,546.3911933205331,0.7649562824952584,9.959788285704235,9.668775897068802,0.29101238863543344,0.01076030274231498,0.013850960713328607,0,-0.145,11,0,1,0,0.145,1,0,0.09299999999999999,8.333333333333334,-0.008571428571428555,8.0,-0.192,0.10000000000000009,0.1825302323295672,0,-0.005785407771406903,0
2025-05-28,591.5599975585938,592.77001953125,586.989990234375,587.72998046875,68445500,585.9976196289062,-0.005785407771406903,0.005785407771406903,-0.05707515653305961,76624220.0,0,584.7880004882812,1.0050308487486275,588.3890014648438,0.9988799569766718,577.3175018310546,1.018035965659573,69.89516214507351,577.3175018310546,605.2304594762327,549.4045441858766,0.6865169354329264,9.64452294266323,9.663925306186698,-0.01940236352346858,0.010938054951009763,0.01398852169055916,0,0.197,7,1,0,0,0.197,0,0,0.032999999999999995,9.333333333333334,0.037714285714285735,7.714285714285714,0.34199999999999997,-0.36363636363636365,0.188476978510829,0,0.003947403401760141,1
2025-05-29,593.0599975585938,593.2000122070312,586.0700073242188,590.0499877929688,69973300,588.310791015625,0.003947403401760141,0.003947403401760141,0.022321409004244286,71579340.0,0,586.2260009765625,1.0065230590421375,588.6349975585938,1.0024038499923444,579.0930023193359,1.0189209426288157,69.16113972081669,579.0930023193359,605.375417051969,552.8105875867029,0.7084470849633976,9.472604817308934,9.62566120840491,-0.15305639109597635,0.010922608065799757,0.011143283494528011,0,-0.268,7,0,1,0,0.268,0,0,-0.07200000000000001,8.333333333333334,0.004714285714285726,7.714285714285714,-0.465,0.0,0.22113247483934034,0,-0.0011185037847383228,0
2025-05-30,588.9299926757812,591.1300048828125,583.239990234375,589.3900146484375,90601200,587.6527709960938,-0.0011185037847383228,0.0011185037847383228,0.2947967296097225,75527500.0,0,587.4859985351562,1.003240955730058,588.5279968261718,1.0014647014703029,580.6390045166015,1.0150713439224108,69.22483111130681,580.6390045166015,605.4076258531128,555.8703831800902,0.6766551721418619,9.177327121727103,9.535994391057658,-0.3586672693305548,0.010921620666299148,0.011235071391529112,0,0.054,10,0,0,1,0.054,1,0,-0.005666666666666678,8.0,0.020142857142857157,7.571428571428571,0.322,0.4285714285714286,0.22011847459298578,0,0.005632954820585345,1
2025-06-02,587.760009765625,592.7899780273438,585.0599975585938,592.7100219726562,61630500,590.9629516601562,0.005632954820585345,0.005632954820585345,-0.31976066542165005,72647800.0,0,590.206005859375,1.0042426137457467,588.3789978027344,1.0073609428380275,581.9365051269531,1.0185132170791602,59.755124942879235,581.9365051269531,606.3602410982492,557.512769155657,0.7205542358131596,9.106149707433019,9.450025454323765,-0.3438757468907454,0.010573624934346363,0.010051647651408995,0,0.262,7,1,0,0,0.262,0,0,0.062,4.333333333333333,0.0034285714285714475,6.857142857142857,0.443,0.75,0.2028635478532778,0,0.005702628195088044,1
2025-06-03,592.3400268554688,597.0800170898438,591.8499755859375,596.0900268554688,63606200,594.3330078125,0.005702628195088044,0.005702628195088044,0.03205717948093878,70851340.0,0,591.1940063476562,1.008281580082416,588.5030029296875,1.012892073427003,583.5655059814453,1.0214620650906356,59.37181529450178,583.5655059814453,607.1459539242412,559.9850580386494,0.7655700371851889,9.216151472670617,9.403250657989233,-0.18709918531861547,0.010424828120546313,0.005012792551315901,0,-0.27,8,0,1,0,0.27,0,0,-0.06300000000000001,6.333333333333333,-0.01442857142857141,6.428571428571429,-0.532,0.1428571428571428,0.22264385397824435,0,-0.0002684731709600152,0
2025-06-04,596.9600219726562,597.9500122070312,595.489990234375,595.9299926757812,57314200,594.1734619140625,-0.0002684731709600152,0.0002684731709600152,-0.09892117435092806,68625080.0,0,592.8340087890625,1.0052223452784745,588.8110046386719,1.0120904466476097,585.422006225586,1.0179494216794887,58.5520337069369,585.422006225586,606.507276821853,564.3367356293189,0.7491783636880534,9.184539998158584,9.359508526020184,-0.17496852786159955,0.010118871839964771,0.0032609605458465245,0,-0.076,10,0,0,1,0.076,1,0,-0.02800000000000001,8.333333333333334,-0.053428571428571416,6.857142857142857,0.194,0.25,0.20242847061193195,0,-0.004832790626766448,0
2025-06-05,597.6300048828125,599.0,591.0499877929688,593.0499877929688,92278700,591.3019409179688,-0.004832790626766448,0.004832790626766448,0.6100495165247006,73086160.0,0,593.4340087890625,0.9993528834033671,589.8300048828125,1.0054591710891276,587.0170043945312,1.0102773571349268,52.65527814279457,587.0170043945312,604.9641351730688,569.0698736159936,0.6680765430664877,8.825418746984496,9.252690570207342,-0.4272718232228456,0.010275503158320825,0.004574243889294721,0,-0.219,8,0,1,0,0.219,0,0,-0.18833333333333335,8.666666666666666,-0.04642857142857141,7.0,-0.14300000000000002,-0.19999999999999996,0.19446238465991086,0,0.010268994150278488,1
2025-06-06,598.6599731445312,600.8300170898438,596.8599853515625,599.1400146484375,66588700,597.3740234375,0.010268994150278488,0.010268994150278488,-0.278395772805642,68283660.0,0,595.3840087890625,1.0063085434004422,591.4350036621094,1.013027654668086,588.7210052490234,1.0176977028278564,54.83175393079602,588.7210052490234,604.1908910397418,573.251119458305,0.8367513354773852,8.929172675377004,9.18798699123851,-0.2588143158615068,0.010371735832530872,0.005887666385341944,0,-0.094,8,0,0,1,0.094,0,0,-0.12966666666666668,8.666666666666666,-0.06757142857142855,6.714285714285714,0.125,0.0,0.1897110584923446,0,0.0009012551559597348,1
2025-06-09,599.719970703125,601.25,598.489990234375,599.6799926757812,53016400,597.9124145507812,0.0009012551559597348,0.0009012551559597348,-0.2038228708474561,66560840.0,0,596.7780029296875,1.0048627625881774,593.4920043945312,1.0104264054703869,590.488003540039,1.0155667669463821,54.7343646612448,590.488003540039,601.7268378032318,579.2491692768463,0.9089387262274188,8.951765736407879,9.140742740270769,-0.18897700386288996,0.010336085836409162,0.005798668711315209,0,0.142,9,1,0,0,0.142,1,0,-0.04166666666666668,4.666666666666667,-0.11199999999999999,6.857142857142857,0.088,2.0,0.17018911050162233,0,0.005669731282665458,1
2025-06-10,600.219970703125,603.469970703125,599.0900268554688,603.0800170898438,66247000,601.3023681640625,0.005669731282665458,0.005669731282665458,0.2495567409329944,67089000.0,0,598.1760009765625,1.0081982829556437,594.6850036621094,1.014116739746315,591.4925048828125,1.019590294232599,59.759586998319534,591.4925048828125,603.4761540224357,579.5088557431892,0.9834717735817985,9.138618609114019,9.140317914039409,-0.001699304925390166,0.007614704988142872,0.005793936555512769,0,-0.016,8,0,0,1,0.016,0,0,0.05999999999999998,6.666666666666667,-0.0757142857142857,6.857142857142857,-0.15799999999999997,-0.11111111111111116,0.15749149636907864,0,-0.0028520788113346462,0
2025-06-11,604.1900024414062,605.0599975585938,599.27001953125,601.3599853515625,73658200,599.5874633789062,-0.0028520788113346462,0.0028520788113346462,0.11187223572388194,70357800.0,0,599.2619995117187,1.0035009492368165,596.0480041503906,1.0089120023289795,592.2185028076171,1.0154359961747346,70.95592607239551,592.2185028076171,604.7616278367015,579.6753777785328,0.8644021136179617,9.0436821399976,9.120990759230624,-0.07730861923302434,0.007589211003462092,0.0061874340659871,0,0.212,8,1,0,0,0.212,0,0,0.11266666666666664,8.333333333333334,-0.03457142857142855,6.571428571428571,0.22799999999999998,0.0,0.19137733855993974,0,0.003974349319302073,1
2025-06-12,600.010009765625,603.75,599.52001953125,603.75,64129000,601.9703979492188,0.003974349319302073,0.003974349319302073,-0.12937052493816026,64727860.0,0,601.402001953125,1.0039042072345112,597.4180053710937,1.0105989350370734,593.0265014648437,1.0180826632682822,72.31087435389404,593.0265014648437,606.3706334877227,579.6823694419647,0.9018057718842445,9.05685886612082,9.108164380608438,-0.051305514487618,0.007613642422930998,0.004944989072200424,0,-0.135,7,0,1,0,0.135,0,0,0.020333333333333304,7.666666666666667,-0.02257142857142856,6.428571428571429,-0.347,-0.125,0.18019235753573398,0,-0.011180124223602483,0
2025-06-13,598.5,601.8499755859375,595.47998046875,597.0,89506000,595.2402954101562,-0.011180124223602483,0.011180124223602483,0.39571800589436923,69311320.0,0,600.9739990234375,0.9933874027330715,598.17900390625,0.998029011552477,593.3535003662109,1.0061455770152843,68.22900470915437,593.3535003662109,606.753234380494,579.9537663519279,0.636066120040226,8.425596337049114,8.971650771894662,-0.5460544348455478,0.00805936875060023,0.006697974483106226,0,-0.249,6,0,1,0,0.249,0,0,-0.05733333333333337,7.0,-0.044714285714285706,6.142857142857143,-0.11399999999999999,-0.1428571428571429,0.19897714633069002,0,0.00951422558757331,1
2025-06-16,600.4000244140625,604.4500122070312,600.219970703125,602.6799926757812,79984100,600.903564453125,0.00951422558757331,0.00951422558757331,-0.10638281232543068,74704860.0,0,601.5739990234375,1.001838499759197,599.1760009765625,1.0058480174331212,593.7774993896485,1.0149929785067366,63.497927155336875,593.7774993896485,607.8116495686382,579.7433492106587,0.8171725103619208,8.288032308554307,8.83492707922506,-0.5468947706707539,0.008208820738172279,0.008159901015815513,0,0.023,9,0,0,1,0.023,1,0,-0.17666666666666672,5.666666666666667,-0.10257142857142856,6.571428571428571,0.29500000000000004,1.25,0.18495662297131307,0,-0.008545104270081039,0
2025-06-17,600.2100219726562,601.75,596.760009765625,597.530029296875,82209400,595.768798828125,-0.008545104270081039,0.008545104270081039,0.027821779578691253,77897340.0,0,600.4640014648437,0.9951138250406165,599.3200012207031,0.9970133285720778,593.9115020751954,1.006092704399622,61.02614179803491,593.9115020751954,608.0396349241486,579.7833692262421,0.6280610559217578,7.675037461009765,8.602949155579925,-0.9279116945701595,0.00846592707310296,0.00860150085609871,0,0.005,8,0,0,1,0.005,0,0,-0.08133333333333338,7.0,-0.09957142857142856,6.571428571428571,-0.018,-0.11111111111111116,0.18675639850070053,0,-0.00015066498929716676,0
2025-06-18,598.4400024414062,601.219970703125,596.469970703125,597.4400024414062,76605000,595.6790161132812,-0.00015066498929716676,0.00015066498929716676,-0.06817225280807304,78486700.0,0,599.6800048828125,0.9962646704522957,599.4710021972656,0.9966120133444069,594.1410034179687,1.0055525523477744,58.753849935653655,594.1410034179687,608.3454483379979,579.9365584979395,0.6161255875189369,7.100124291780162,8.302384182817818,-1.2022598910376558,0.008423985248654975,0.008605130125472846,0,-0.076,8,0,0,1,0.076,0,0,-0.01600000000000004,8.333333333333334,-0.1407142857142857,6.571428571428571,-0.081,0.0,0.12967743865159492,0,-0.005289189092826385,0
2025-06-20,598.3800048828125,599.4600219726562,592.8599853515625,594.280029296875,94051400,594.280029296875,-0.005289189092826385,0.005289189092826385,0.2277449252659749,84471180.0,0,597.7860107421875,0.9941350560529852,599.5940063476562,0.9911373746326275,594.7120056152344,0.9992736378040452,55.46858149154301,594.7120056152344,607.8879550203873,581.5360562100815,0.48360739309645356,6.316733180231154,7.905253982298208,-1.5885208020670545,0.007525231499880902,0.00817836825837558,0,0.022,9,0,0,1,0.022,1,0,0.1173333333333333,8.0,-0.0247142857142857,7.0,-0.384,0.2857142857142858,0.23105534278300405,0,0.00987749011881256,1
2025-06-23,595.0399780273438,600.5399780273438,591.8900146484375,600.1500244140625,87426000,600.1500244140625,0.00987749011881256,0.00987749011881256,-0.0704444590936445,84055180.0,0,598.416015625,1.002897664407012,599.6950073242188,1.000758747503792,595.5650054931641,1.0076986036429418,57.87134076964106,595.5650054931641,607.7441618487273,583.3858491376009,0.6882322053778394,6.099187519808083,7.5440406897985275,-1.444853169990444,0.007779693370042621,0.00841510134737408,0,-0.264,9,0,1,0,0.264,1,0,-0.032000000000000035,5.333333333333333,0.037285714285714304,6.857142857142857,-0.396,1.25,0.20404469631734654,0,0.011047245877038092,1
2025-06-24,604.3300170898438,607.8499755859375,603.4099731445312,606.780029296875,67735300,606.780029296875,0.011047245877038092,0.011047245877038092,-0.22522704916157665,81605420.0,0,599.2360229492188,1.0125893739006668,600.4050109863281,1.0106178632654552,596.9485076904297,1.0164696309309544,60.5820505415337,596.9485076904297,607.4245835903926,586.4724317904668,0.9692368449946109,6.388071796015197,7.312846911041015,-0.9247751150258177,0.007802914893343856,0.008817473815548838,0,0.15,7,1,0,0,0.15,0,0,0.005999999999999959,6.666666666666667,0.05800000000000002,6.714285714285714,0.41400000000000003,-0.2222222222222222,0.20755079699517756,1,0.0005602785258216336,1
2025-06-25,607.9099731445312,608.6099853515625,605.5399780273438,607.1199951171875,62114800,607.1199951171875,0.0005602785258216336,0.0005602785258216336,-0.08297741354950816,77586500.0,0,601.1540161132813,1.0099242105084465,600.8090087890625,1.0105041473010614,597.7470062255859,1.015680528374013,61.03768189234261,597.7470062255859,608.7817698550092,586.7122425961626,0.9247027488023979,6.568722770227282,7.164022082877831,-0.5952993126505488,0.00648936226590005,0.007007659221059041,0,-0.228,9,0,1,0,0.228,1,0,-0.11400000000000005,8.333333333333334,0.0362857142857143,6.857142857142857,-0.378,0.2857142857142858,0.23058022052040408,1,0.007823824018649228,1
2025-06-26,608.989990234375,612.3099975585938,608.3699951171875,611.8699951171875,78548400,611.8699951171875,0.007823824018649228,0.007823824018649228,0.26456818664794857,77975180.0,0,604.0400146484375,1.012962685052094,601.860009765625,1.0166317502228808,598.9540069580078,1.0215642403408869,67.90335635312601,598.9540069580078,610.6372791614594,587.2707347545561,1.052755595104763,7.0142829821531905,7.134074262732831,-0.11979128057964061,0.006414454960257811,0.006959155770634634,0,0.001,7,0,0,1,0.001,0,0,-0.02566666666666671,7.666666666666667,-0.021571428571428557,6.857142857142857,0.229,-0.2222222222222222,0.16336447710855764,1,0.004968339764334306,1
2025-06-27,612.8800048828125,616.3900146484375,610.8300170898438,614.9099731445312,86258400,614.9099731445312,0.004968339764334306,0.004968339764334306,0.0981560413706708,76416580.0,0,608.1660034179688,1.0110890278125717,602.9760070800781,1.0197917759982582,600.1970062255859,1.0245135626574842,65.92605011766939,600.1970062255859,613.1160243618542,587.2779880893177,1.0694305389060792,7.52591732792564,7.212442875771541,0.3134744521540993,0.006434512968334634,0.004208087342377128,0,0.42,6,1,0,0,0.42,0,0,0.06433333333333328,7.333333333333333,0.035285714285714295,6.428571428571429,0.419,-0.1428571428571429,0.2347287187980446,1,0.004781191670012452,1
